{"cameraMode":{"drawMode":0,"name":"Shaded","section":"Shading Mode"},"sceneLighting":false,"audioPlay":false,"sceneViewState":{"showFog":true,"showMaterialUpdate":false,"showSkybox":true,"showFlares":true,"showImageEffects":true,"showParticleSystems":true},"in2DMode":false,"pivot":{"x":603.6112670898438,"y":141.3318328857422,"z":134.01971435546876},"rotation":{"x":0.4510457515716553,"y":0.07002583146095276,"z":-0.03552567958831787,"w":0.8890399932861328},"size":333.6918640136719,"orthographic":false}