{"cameraMode":{"drawMode":0,"name":"Shaded","section":"Shading Mode"},"sceneLighting":false,"audioPlay":false,"sceneViewState":{"showFog":true,"showMaterialUpdate":false,"showSkybox":true,"showFlares":true,"showImageEffects":true,"showParticleSystems":true},"in2DMode":false,"pivot":{"x":8.050161361694336,"y":0.6980088353157044,"z":1.3401291370391846},"rotation":{"x":0.014999469742178917,"y":0.001796073978766799,"z":0.000028166130505269393,"w":-0.9998859763145447},"size":1.3474044799804688,"orthographic":false}