{"cameraMode":{"drawMode":0,"name":"Shaded","section":"Shading Mode"},"sceneLighting":false,"audioPlay":false,"sceneViewState":{"showFog":true,"showMaterialUpdate":false,"showSkybox":true,"showFlares":true,"showImageEffects":true,"showParticleSystems":true},"in2DMode":false,"pivot":{"x":576.6648559570313,"y":146.138916015625,"z":142.81790161132813},"rotation":{"x":0.441688597202301,"y":0.008615410886704922,"z":-0.0042406427673995499,"w":0.8971170783042908},"size":333.6918640136719,"orthographic":false}