{"cameraMode":{"drawMode":0,"name":"Shaded","section":"Shading Mode"},"sceneLighting":false,"audioPlay":false,"sceneViewState":{"showFog":true,"showMaterialUpdate":false,"showSkybox":true,"showFlares":true,"showImageEffects":true,"showParticleSystems":true},"in2DMode":false,"pivot":{"x":1.0384471416473389,"y":1.5755462646484376,"z":-0.5726268291473389},"rotation":{"x":0.011358803138136864,"y":-0.9295124411582947,"z":0.3674946129322052,"w":0.028728507459163667},"size":5.731422424316406,"orthographic":false}