{"cameraMode":{"drawMode":0,"name":"Shaded","section":"Shading Mode"},"sceneLighting":false,"audioPlay":false,"sceneViewState":{"showFog":true,"showMaterialUpdate":false,"showSkybox":true,"showFlares":true,"showImageEffects":true,"showParticleSystems":true},"in2DMode":false,"pivot":{"x":0.3557216227054596,"y":0.32910609245300295,"z":-0.2301815152168274},"rotation":{"x":-0.5121277570724487,"y":-0.44736453890800478,"z":0.3580840528011322,"w":-0.6398171782493591},"size":3.2834584712982179,"orthographic":false}